title,description,start,end
teste 1,teste 1,01/24/2020 5:19:21,01/24/2020 5:19:21
teste 1,teste 2,01/24/2020 5:19:21,01/24/2020 5:19:21
teste 1,teste 3,01/24/2020 5:19:21,01/24/2020 5:19:21
teste 1,teste 4,01/24/2020 5:19:21,01/24/2020 5:19:21
teste 1,teste 5,01/24/2020 5:19:21,01/24/2020 5:19:21
teste 1,teste 6,01/24/2020 5:19:21,01/24/2020 5:19:21
teste 1,teste 7,01/24/2020 5:19:21,01/24/2020 5:19:21
teste 1,teste 8,01/24/2020 5:19:21,01/24/2020 5:19:21
teste 1,teste 9,01/24/2020 5:19:21,01/24/2020 5:19:21
teste 1,teste 10,01/24/2020 5:19:21,01/24/2020 5:19:21